 ,1-Jan,2-Jan,3-Jan,4-Jan,5-Jan,6-Jan,7-Jan,8-Jan,9-Jan,10-Jan,11-Jan,12-Jan,13-Jan,14-Jan,15-Jan,16-Jan,17-Jan,18-Jan,19-Jan,20-Jan,21-Jan,22-Jan,23-Jan,24-Jan,25-Jan,26-Jan,27-Jan,28-Jan,29-Jan,30-Jan,31-Jan,1-Feb,2-Feb,3-Feb,4-Feb,5-Feb,6-Feb,7-Feb,8-Feb,9-Feb,10-Feb,11-Feb,12-Feb,13-Feb,14-Feb,15-Feb,16-Feb,17-Feb,18-Feb,19-Feb,20-Feb,21-Feb,22-Feb,23-Feb,24-Feb,25-Feb,26-Feb,27-Feb,28-Feb,29-Feb,1-Mar,2-Mar,3-Mar,4-Mar,5-Mar,6-Mar,7-Mar,8-Mar,9-Mar,10-Mar,11-Mar,12-Mar,13-Mar,14-Mar,15-Mar,16-Mar,17-Mar,18-Mar,19-Mar,20-Mar,21-Mar,22-Mar,23-Mar,24-Mar,25-Mar,26-Mar,27-Mar,28-Mar,29-Mar,30-Mar,31-Mar,1-Apr,2-Apr,3-Apr,4-Apr,5-Apr,6-Apr,7-Apr,8-Apr,9-Apr,10-Apr,11-Apr,12-Apr,13-Apr,14-Apr,15-Apr,16-Apr,17-Apr,18-Apr,19-Apr,20-Apr,21-Apr,22-Apr,23-Apr,24-Apr,25-Apr,26-Apr,27-Apr,28-Apr,29-Apr,30-Apr,1-May,2-May,3-May,4-May,5-May,6-May,7-May,8-May,9-May,10-May,11-May,12-May,13-May,14-May,15-May,16-May,17-May,18-May,19-May,20-May,21-May,22-May,23-May,24-May,25-May,26-May,27-May,28-May,29-May,30-May,31-May,1-Jun,2-Jun,3-Jun,4-Jun,5-Jun,6-Jun,7-Jun,8-Jun,9-Jun,10-Jun,11-Jun,12-Jun,13-Jun,14-Jun,15-Jun,16-Jun,17-Jun,18-Jun,19-Jun,20-Jun,21-Jun,22-Jun,23-Jun,24-Jun,25-Jun,26-Jun,27-Jun,28-Jun,29-Jun,30-Jun,1-Jul,2-Jul,3-Jul,4-Jul,5-Jul,6-Jul,7-Jul,8-Jul,9-Jul,10-Jul,11-Jul,12-Jul,13-Jul,14-Jul,15-Jul,16-Jul,17-Jul,18-Jul,19-Jul,20-Jul,21-Jul,22-Jul,23-Jul,24-Jul,25-Jul,26-Jul,27-Jul,28-Jul,29-Jul,30-Jul,31-Jul,1-Aug,2-Aug,3-Aug,4-Aug,5-Aug,6-Aug,7-Aug,8-Aug,9-Aug,10-Aug,11-Aug,12-Aug,13-Aug,14-Aug,15-Aug,16-Aug,17-Aug,18-Aug,19-Aug,20-Aug,21-Aug,22-Aug,23-Aug,24-Aug,25-Aug,26-Aug,27-Aug,28-Aug,29-Aug,30-Aug,31-Aug
AZ,0,0,0,0,0,0,0,0,0,0,0,0,0,0,0,0,0,0,0,0,0,0,0,0,0,0,0,0,0,0,0,0,0,0,0,0,0,0,0,0,0,0,0,0,0,0,0,0,0,0,0,0,0,0,0,0,0,0,0,0,0,0,0,0,0,0,0,0,0,0,0,0,0,0,0,0,0,0,0,0,0,48,83,91,75,107,157,108,146,238,132,124,185,171,250,250,187,119,151,292,94,281,146,163,104,156,272,273,212,210,135,187,208,310,276,235,246,190,232,254,446,314,402,276,279,386,402,238,581,434,159,261,356,440,498,495,502,266,233,396,331,418,293,431,300,222,222,479,501,702,790,681,187,1127,973,530,1579,1119,1438,789,618,1556,1412,1654,1540,1233,1014,2392,1827,2519,3246,3109,2592,2196,3593,1795,3056,3428,3593,3857,625,4682,4877,3333,4433,2695,3536,3352,3653,3520,4057,4221,3038,2537,1357,4263,3267,3259,3910,2742,2359,1559,3500,1926,2335,3357,3740,1973,1813,2107,2339,2525,3212,2992,1465,1030,1008,1698,1444,1406,1054,816,600,1213,706,1351,928,933,883,468,915,637,723,619,996,207,311,859,187,680,519,629,374,0
AL,0,0,0,0,0,0,0,0,0,0,0,0,0,0,0,0,0,0,0,0,0,0,0,0,0,0,0,0,0,0,0,0,0,0,0,0,0,0,0,0,0,0,0,0,0,0,0,0,0,0,0,0,0,0,0,0,0,0,0,0,0,0,0,0,0,0,0,0,0,0,0,0,0,0,0,0,0,0,0,24,32,26,43,66,169,91,107,112,76,119,56,115,195,234,118,173,169,229,301,341,152,238,324,203,164,267,156,83,234,191,191,236,296,206,196,192,203,154,205,162,135,260,282,277,137,95,412,514,142,298,403,278,93,234,206,401,404,237,344,247,366,420,357,363,639,154,679,464,406,407,615,291,526,529,215,302,642,335,457,90,481,555,848,859,888,1014,657,632,390,882,787,543,472,433,639,954,1129,964,888,359,1718,854,906,1162,1758,997,1091,925,1883,1799,1541,1637,1479,1921,903,903,1784,1923,1998,1996,1723,1846,1364,3621,1669,1949,998,1982,1821,1251,1416,1980,0,0,2095,1217,1041,952,1938,1709,86,2947,1686,831,935,771,752,1271,853,571,1357,1117,971,321,1762,528,1650,532,2012,1769,1162,1704,1346,0
AK,0,0,0,0,0,0,0,0,0,0,0,0,0,0,0,0,0,0,0,0,0,0,0,0,0,0,0,0,0,0,0,0,0,0,0,0,0,0,0,0,0,0,0,0,0,0,0,0,0,0,0,0,0,0,0,0,0,0,0,0,0,0,0,0,0,0,0,0,0,0,0,0,0,0,0,0,0,0,0,0,0,0,0,0,0,0,0,17,12,5,14,10,4,10,14,14,6,22,13,9,11,11,15,5,8,8,7,9,5,5,2,8,6,2,2,0,2,4,6,4,0,9,1,3,2,1,1,2,3,1,1,2,2,0,4,1,4,4,3,0,3,0,2,4,0,1,2,1,13,5,4,26,7,20,18,8,11,12,8,19,10,20,17,15,29,7,3,12,20,12,14,21,12,6,17,14,24,20,18,29,21,36,38,39,46,48,27,28,18,42,46,51,62,94,60,40,52,62,40,62,79,75,92,91,60,57,89,186,98,107,68,81,112,146,144,61,53,55,35,52,77,98,64,46,60,82,110,83,103,50,62,67,82,68,89,64,69,33,52,80,117,90,44,0
AR,0,0,0,0,0,0,0,0,0,0,0,0,0,0,0,0,0,0,0,0,0,0,0,0,0,0,0,0,0,0,0,0,0,0,0,0,0,0,0,0,0,0,0,0,0,0,0,0,0,0,0,0,0,0,0,0,0,0,0,0,0,0,0,0,0,0,0,0,0,0,0,0,0,0,0,0,0,0,0,0,22,47,32,21,62,55,51,23,17,82,15,61,99,55,5,110,74,70,3,146,56,26,52,130,88,101,21,75,44,42,190,19,402,207,211,99,92,68,58,80,48,66,51,59,27,67,86,54,29,53,265,31,121,72,130,97,115,181,54,110,80,455,154,163,147,107,151,97,261,239,236,240,190,375,249,358,226,450,325,314,340,288,448,731,548,406,416,274,415,322,703,511,419,522,595,697,687,678,570,508,439,520,420,878,547,587,605,439,259,734,806,751,1061,503,572,794,564,817,648,771,695,699,728,591,1013,990,732,642,824,734,787,791,752,662,637,787,784,912,735,1011,772,572,645,383,703,652,626,0,673,412,410,729,549,887,547,375,320,480,649,722,838,795,478,368
CA,0,0,0,0,0,0,0,0,0,0,0,0,0,0,0,0,0,0,0,0,0,0,0,0,0,0,0,0,0,0,0,0,0,0,0,0,0,0,0,0,0,0,0,0,0,0,0,0,0,0,0,0,0,0,0,0,0,0,0,0,0,0,0,0,0,0,0,0,0,24,20,21,49,88,57,80,126,77,331,218,244,265,369,433,471,795,842,0,0,1169,1223,1036,1510,1325,1412,898,1529,1092,1352,1163,1143,1179,554,990,1086,1758,1346,1435,1370,645,2283,2135,1973,1885,1883,1027,1300,1567,1469,2417,1525,1755,1419,1321,1275,2603,1799,1898,2049,2119,1259,1443,1759,2023,1772,1857,2046,1591,1365,2262,2140,2247,2187,2079,1848,2175,2247,2717,2189,2992,3705,2423,2304,2377,2120,3094,3115,2796,2507,2170,2702,3090,2702,3660,3212,2597,2108,3455,4084,4317,3893,4515,4230,5019,7149,5349,4890,5972,4810,5307,6367,9740,7538,8040,6510,5410,11529,6090,11694,7031,7798,8047,8460,8358,7346,11126,8544,9986,9199,9329,6846,9231,12807,12040,9718,10066,8259,6895,5996,8755,10197,8086,6542,9032,5739,4526,5295,5258,8436,7371,8373,7751,12500,11645,7085,7934,12614,7873,6469,4636,6164,5920,5585,6556,6777,4946,4480,6004,4430,5329,4981,6070,0,0
CO,0,0,0,0,0,0,0,0,0,0,0,0,0,0,0,0,0,0,0,0,0,0,0,0,0,0,0,0,0,0,0,0,0,0,0,0,0,0,0,0,0,0,0,0,0,0,0,0,0,0,0,0,0,0,0,0,0,0,0,0,0,0,0,0,0,0,0,0,0,0,0,0,0,24,30,29,23,33,61,86,112,116,129,192,174,344,304,327,246,320,339,376,386,445,392,385,222,257,226,547,308,383,410,388,250,339,395,372,396,287,376,341,431,384,994,712,473,438,437,442,526,484,457,410,272,457,466,541,456,548,328,176,278,318,363,394,401,305,264,280,315,394,296,477,210,95,346,152,354,492,485,180,299,211,272,300,255,233,153,182,164,152,148,175,195,113,169,143,231,228,286,162,190,166,188,262,324,317,226,285,204,204,314,323,260,254,199,192,407,452,409,666,400,322,329,444,469,571,618,444,354,424,493,639,616,666,809,547,229,749,616,372,507,458,460,241,426,594,448,457,431,336,379,402,295,483,319,300,338,194,261,270,329,356,297,260,198,459,193,350,430,270,180,0
CT,0,0,0,0,0,0,0,0,0,0,0,0,0,0,0,0,0,0,0,0,0,0,0,0,0,0,0,0,0,0,0,0,0,0,0,0,0,0,0,0,0,0,0,0,0,0,0,0,0,0,0,0,0,0,0,0,0,0,0,0,0,0,0,0,0,0,0,0,0,0,0,0,0,0,0,0,0,0,63,35,29,104,88,203,257,137,279,233,469,578,557,429,267,1090,362,399,1231,875,1000,1003,754,972,525,1346,608,766,1129,925,741,412,1853,545,2109,631,821,661,687,728,315,455,933,1064,523,0,686,648,374,789,627,573,570,211,568,522,609,621,618,716,697,314,587,191,432,382,446,405,430,0,271,203,260,179,539,239,112,148,221,358,150,124,87,168,114,228,305,94,147,114,80,11,117,158,40,27,117,14,81,65,147,97,59,152,58,74,71,0,0,259,57,75,101,78,0,0,223,20,106,114,143,0,0,162,41,127,9,544,0,0,207,94,463,130,140,0,0,252,48,115,20,75,0,0,247,117,22,76,115,0,0,370,0,59,118,87,0,0,492,29,180,130,145,0,0,384
DE,0,0,0,0,0,0,0,0,0,0,0,0,0,0,0,0,0,0,0,0,0,0,0,0,0,0,0,0,0,0,0,0,0,0,0,0,0,0,0,0,0,0,0,0,0,0,0,0,0,0,0,0,0,0,0,0,0,0,0,0,0,0,0,0,0,0,0,0,0,0,0,0,0,0,0,0,0,0,0,0,0,0,0,17,15,11,35,49,18,32,55,49,25,57,143,80,110,145,188,93,117,153,146,136,165,88,61,248,215,0,207,186,269,108,134,134,458,128,413,80,79,184,120,170,80,83,407,161,172,166,170,118,176,211,271,150,174,123,199,168,157,192,143,161,119,156,101,30,75,65,186,76,107,80,27,34,27,72,97,30,48,36,50,67,56,35,76,63,41,55,112,70,94,45,27,42,91,37,30,44,285,98,36,221,192,73,132,165,121,48,69,121,91,61,75,90,81,64,223,92,90,105,122,46,132,278,0,115,116,70,126,87,99,89,72,106,82,159,69,80,57,73,59,65,66,202,373,56,55,85,57,50,75,52,58,67,47,20,24,0,107,0,0,0
FL,0,0,0,0,0,0,0,0,0,0,0,0,0,0,0,0,0,0,0,0,0,0,0,0,0,0,0,0,0,0,0,0,0,0,0,0,0,0,0,0,0,0,0,0,0,0,0,0,0,0,0,0,0,0,0,0,0,0,0,0,0,0,0,0,0,0,0,0,0,0,0,0,0,38,34,11,56,112,104,131,200,244,220,240,510,507,714,840,912,754,1037,1032,1235,1260,1277,805,1279,1118,951,1128,1142,1018,909,1124,609,891,821,1413,739,822,744,811,707,1072,885,306,689,610,708,347,497,1038,735,615,819,542,563,826,371,802,595,386,941,479,808,928,673,777,854,502,527,1204,776,676,740,879,509,379,651,1212,927,739,667,617,1317,1419,1305,1270,1180,966,1096,1371,1698,1902,2581,2016,1758,2783,2610,3207,3822,4049,3494,2926,3286,5511,5004,8942,9585,8530,5266,6093,6563,10109,9488,11458,10059,6336,7347,9989,8935,11433,10360,15300,12624,9194,10181,13965,11466,10327,12479,10347,9440,9785,10249,12444,12199,9344,8892,9230,9446,9956,9007,9642,7104,4752,5446,5409,7650,7686,8502,6229,4155,6011,7929,6236,6148,6352,3779,2678,3838,4115,4555,4684,4311,2974,2258,2673,3220,3269,3815,3197,2593,1875
GA,0,0,0,0,0,0,0,0,0,0,0,0,0,0,0,0,0,0,0,0,0,0,0,0,0,0,0,0,0,0,0,0,0,0,0,0,0,0,0,0,0,0,0,0,0,0,0,0,0,0,0,0,0,0,0,0,0,0,0,0,0,0,0,0,0,0,0,0,0,0,0,0,0,0,0,22,25,51,90,133,135,65,180,297,290,256,555,248,237,349,1085,631,696,523,416,359,816,1598,1048,681,974,402,286,1074,957,682,1108,1064,409,648,910,767,936,781,608,725,265,868,495,779,637,1232,840,339,766,402,898,838,596,419,886,526,846,579,550,795,440,340,731,572,946,862,819,760,660,498,583,655,617,608,468,732,836,308,687,953,774,738,539,599,752,731,993,810,1018,880,733,664,952,882,1097,1800,892,1227,1747,1706,1714,1900,1990,2225,2207,1874,2946,3472,2784,2826,2197,1548,3406,3420,2837,4484,3190,2525,3643,3394,3871,3441,3908,4689,3251,2452,3413,3314,4286,4813,3787,2765,2890,4209,3271,3963,4066,3660,3165,2258,2513,3765,3182,4109,4423,3169,2429,3563,3565,2515,3227,3273,1862,1831,2816,2305,2759,2889,2592,1727,2304,2101,2236,2484,2298,2386,1215,1498
HI,0,0,0,0,0,0,0,0,0,0,0,0,0,0,0,0,0,0,0,0,0,0,0,0,0,0,0,0,0,0,0,0,0,0,0,0,0,0,0,0,0,0,0,0,0,0,0,0,0,0,0,0,0,0,0,0,0,0,0,0,0,0,0,0,0,0,0,0,0,0,0,0,0,0,0,0,0,0,0,0,0,0,0,0,0,11,14,31,24,29,20,34,27,34,32,20,16,23,25,7,22,22,13,5,13,13,11,12,21,6,4,2,6,4,5,3,2,1,2,4,5,1,1,0,1,4,1,3,0,2,1,2,1,3,0,1,0,2,0,1,2,4,0,1,0,0,0,1,3,2,2,1,0,1,0,2,9,9,2,1,6,3,7,14,17,5,8,4,4,18,27,14,11,2,3,16,15,16,6,27,1,17,9,20,29,24,24,7,41,23,36,28,42,20,23,21,28,19,23,20,27,12,25,17,55,59,71,63,28,46,108,124,122,86,45,206,143,172,151,201,231,152,140,118,202,354,231,282,217,173,134,260,235,228,284,244,169,215,276,306,264,309,200,0
ID,0,0,0,0,0,0,0,0,0,0,0,0,0,0,0,0,0,0,0,0,0,0,0,0,0,0,0,0,0,0,0,0,0,0,0,0,0,0,0,0,0,0,0,0,0,0,0,0,0,0,0,0,0,0,0,0,0,0,0,0,0,0,0,0,0,0,0,0,0,0,0,0,0,0,0,0,0,0,0,0,0,0,0,0,50,66,41,31,49,105,110,144,222,122,64,24,69,40,22,121,43,11,19,27,11,43,21,38,102,4,64,30,36,34,34,17,10,20,35,32,31,20,26,45,21,31,20,27,0,25,16,14,33,31,27,38,30,17,19,21,30,28,61,31,0,58,15,32,38,34,36,57,10,27,57,64,57,28,28,22,31,40,42,51,46,9,54,78,92,111,128,135,84,164,148,243,220,283,170,225,209,365,253,223,401,376,363,319,487,430,459,500,577,397,500,316,727,688,619,550,571,393,556,500,414,528,563,350,517,528,457,567,475,393,230,331,559,473,692,523,573,176,429,495,538,498,542,304,183,282,384,370,424,239,303,191,217,405,305,342,262,293,190,0
IL,0,0,0,0,0,0,0,0,0,0,0,0,0,0,0,0,0,0,0,0,0,0,0,0,0,0,0,0,0,0,0,0,0,0,0,0,0,0,0,0,0,0,0,0,0,0,0,0,0,0,0,0,0,0,0,0,0,0,0,0,0,0,0,0,0,0,0,0,0,0,0,0,0,0,0,12,55,128,134,163,168,296,236,250,330,673,486,467,1105,461,937,986,715,1209,1453,899,1006,1287,1529,1344,1465,1293,1672,1173,1222,1346,1140,1842,1585,1197,1151,1551,2049,1826,2724,2119,2126,1980,2219,2253,2563,3137,2450,2994,2341,2122,2270,2641,2887,2325,1656,1266,4014,1677,3239,2432,2088,1734,2294,1545,2388,2268,2758,2352,2508,1713,1178,1111,1527,1612,1462,1353,974,1614,982,929,1156,975,867,658,797,625,766,595,673,672,473,623,546,593,692,634,658,462,601,715,894,857,786,646,738,724,828,869,868,862,639,614,587,980,1018,1317,1195,954,883,707,1187,1257,1384,1276,965,1173,955,1598,1624,1532,1426,1541,1231,1076,1393,1772,1941,1639,1467,1298,1480,1750,1953,2084,2190,1382,1319,1549,1645,1834,2264,1828,1562,1773,1740,2295,1832,2208,2356,1893,1612,1680,2157,1707,2149,1880,1992,1668
IA,0,0,0,0,0,0,0,0,0,0,0,0,0,0,0,0,0,0,0,0,0,0,0,0,0,0,0,0,0,0,0,0,0,0,0,0,0,0,0,0,0,0,0,0,0,0,0,0,0,0,0,0,0,0,0,0,0,0,0,0,0,0,0,0,0,0,0,0,0,0,0,0,0,0,0,0,0,0,0,0,0,0,15,19,21,34,56,63,38,88,73,52,65,85,87,82,78,102,97,125,118,122,77,123,189,96,146,191,181,389,257,482,107,176,521,647,383,393,508,467,302,739,757,528,534,408,293,655,398,214,288,414,539,377,386,374,279,323,304,382,258,360,550,354,389,278,176,658,225,371,288,285,140,282,60,695,389,343,197,283,264,334,265,433,403,292,142,116,236,334,429,330,438,117,302,266,481,494,340,556,290,191,439,722,225,581,325,394,322,413,464,620,846,684,456,357,342,482,851,409,511,493,564,322,746,489,642,421,439,247,419,705,621,416,555,328,200,615,505,636,487,499,277,189,516,552,572,808,692,399,183,684,324,947,829,523,354,658,965,1467,2632,865,1009,612
IN,0,0,0,0,0,0,0,0,0,0,0,0,0,0,0,0,0,0,0,0,0,0,0,0,0,0,0,0,0,0,0,0,0,0,0,0,0,0,0,0,0,0,0,0,0,0,0,0,0,0,0,0,0,0,0,0,0,0,0,0,0,0,0,0,0,0,0,0,0,0,0,0,0,0,0,0,0,0,0,47,0,75,58,106,112,168,336,251,282,272,373,406,474,398,516,458,533,563,436,408,556,528,493,308,291,428,587,612,487,569,476,411,341,601,641,715,617,949,627,594,653,795,665,638,574,526,837,633,643,586,394,501,500,346,580,602,625,498,477,450,569,662,473,492,475,339,363,359,631,490,653,363,256,407,475,384,482,419,400,226,410,304,411,398,397,366,521,356,227,425,308,315,362,210,238,269,515,485,435,355,298,366,358,435,528,517,576,323,295,437,512,725,779,533,425,648,685,710,733,841,917,635,710,757,929,996,922,852,535,771,621,954,901,968,735,576,822,720,1040,1239,1033,1041,664,870,660,1043,1067,1044,739,591,841,489,941,1040,1000,615,1660,829,938,1145,809,1121,879,883
KS,0,0,0,0,0,0,0,0,0,0,0,0,0,0,0,0,0,0,0,0,0,0,0,0,0,0,0,0,0,0,0,0,0,0,0,0,0,0,0,0,0,0,0,0,0,0,0,0,0,0,0,0,0,0,0,0,0,0,0,0,0,0,0,0,0,0,0,0,0,0,0,0,0,0,0,0,0,0,0,0,0,17,14,38,44,42,56,47,47,48,75,60,71,82,80,68,72,88,95,80,91,74,33,42,51,94,102,118,101,119,131,140,205,256,249,167,158,258,199,205,534,261,226,252,241,295,370,331,322,152,107,216,142,270,172,158,63,7,358,57,179,119,275,92,35,80,125,89,103,267,41,56,151,82,118,74,159,49,41,143,74,125,103,157,67,63,229,100,240,161,230,83,83,360,170,450,231,480,154,224,403,230,462,402,588,216,152,551,322,519,434,739,331,332,539,323,652,293,683,230,375,689,331,563,379,617,186,100,579,254,590,288,637,175,128,668,336,498,328,599,167,164,658,269,743,394,956,235,213,709,284,637,448,763,172,239,1026,354,1234,269,757,44,45,0
KY,0,0,0,0,0,0,0,0,0,0,0,0,0,0,0,0,0,0,0,0,0,0,0,0,0,0,0,0,0,0,0,0,0,0,0,0,0,0,0,0,0,0,0,0,0,0,0,0,0,0,0,0,0,0,0,0,0,0,0,0,0,0,0,0,0,0,0,0,0,0,0,0,0,0,0,0,0,0,0,0,0,0,25,33,41,50,54,92,45,41,114,76,100,61,86,38,53,141,197,106,241,147,123,85,162,81,138,93,185,253,90,142,181,108,298,126,169,72,229,164,169,171,173,78,115,577,112,194,160,152,136,101,176,227,145,219,244,122,125,134,98,119,140,145,141,122,117,126,107,280,240,171,171,139,225,295,272,310,69,120,232,175,62,221,279,84,118,182,166,202,257,176,120,89,302,222,254,242,308,65,115,277,218,237,297,0,508,268,367,400,326,425,451,268,264,570,454,406,522,579,977,253,646,480,607,784,833,315,522,525,601,659,765,572,462,323,689,544,513,542,782,404,272,539,1152,741,612,632,385,376,608,627,700,639,801,463,370,669,662,748,779,820,455,364
LS,0,0,0,0,0,0,0,0,0,0,0,0,0,0,0,0,0,0,0,0,0,0,0,0,0,0,0,0,0,0,0,0,0,0,0,0,0,0,0,0,0,0,0,0,0,0,0,0,0,0,0,0,0,0,0,0,0,0,0,0,0,0,0,0,0,0,0,0,0,0,0,0,0,0,26,34,59,84,112,145,226,74,335,216,407,510,441,569,224,485,1213,1187,2728,1147,2201,514,1853,1417,746,1253,970,761,581,421,502,433,581,586,462,348,595,331,463,481,401,372,261,279,218,374,341,710,429,200,363,323,403,253,203,562,183,208,235,612,827,348,280,315,334,329,278,1188,421,117,128,623,336,442,213,0,775,339,431,405,387,429,427,497,330,236,562,418,442,523,1288,336,552,534,928,760,0,870,393,462,1356,882,938,1354,0,1467,840,1014,2083,1383,1728,0,1937,1101,1936,1888,1843,2642,2167,1319,1705,2215,2091,2280,2179,0,3116,3186,1691,2773,2296,2084,0,3840,2231,1121,1735,1708,1799,0,3467,1099,3615,1482,1303,1500,0,2653,562,1164,1179,1135,1298,0,1181,567,640,778,918,899,0,1223,623,550,844,677,606,0,1633,0
ME,0,0,0,0,0,0,0,0,0,0,0,0,0,0,0,0,0,0,0,0,0,0,0,0,0,0,0,0,0,0,0,0,0,0,0,0,0,0,0,0,0,0,0,0,0,0,0,0,0,0,0,0,0,0,0,0,0,0,0,0,0,0,0,0,0,0,0,0,0,0,0,0,0,0,0,0,0,0,0,0,0,0,0,11,24,13,13,43,42,22,28,41,32,56,24,14,29,20,18,23,26,30,17,65,36,36,26,31,20,20,8,13,19,30,28,25,25,8,17,16,39,28,29,33,20,21,28,76,44,34,28,26,15,38,50,38,45,39,26,28,78,58,71,65,42,19,35,28,52,37,56,43,24,28,41,28,36,42,46,18,18,31,30,54,36,36,17,9,17,42,35,25,19,14,23,23,53,32,52,37,28,34,41,34,45,24,18,8,17,20,26,13,21,19,19,8,12,20,38,10,41,24,12,0,14,16,37,24,18,6,28,22,24,25,21,12,5,17,5,17,12,16,7,1,20,19,26,24,23,26,21,25,19,32,32,18,21,12,21,25,22,53,23,14
MA,0,0,0,0,0,0,0,0,0,0,0,0,0,0,0,0,0,0,0,0,0,0,0,0,0,0,0,0,0,0,0,0,0,0,0,0,0,0,0,0,0,0,0,0,0,0,0,0,0,0,0,0,0,0,0,0,0,0,0,0,0,0,0,0,0,0,0,0,0,0,0,13,15,15,26,33,21,38,72,85,112,121,131,382,679,579,823,1017,698,797,868,1118,1228,1436,1334,764,1337,1365,1588,2151,2033,1886,2615,1392,1296,1755,2263,2221,1970,1705,1566,1556,1745,3079,4946,2379,1590,1524,1840,1963,1940,2106,1952,1824,1000,1184,1754,1696,1612,1410,1050,669,870,1165,1685,1239,1512,1077,1042,873,1045,1114,805,773,1013,596,422,527,675,617,789,664,3840,358,429,471,494,575,304,190,263,267,511,392,336,208,87,195,266,271,228,289,122,149,229,172,226,233,373,224,101,114,261,195,290,210,136,163,201,264,295,213,288,199,230,303,217,234,298,359,296,295,204,287,327,338,283,369,289,256,502,414,514,428,418,199,546,440,251,397,420,329,275,392,293,423,305,471,394,248,222,352,313,488,144,0,0,398,336,368,460,446,199,304
MD,0,0,0,0,0,0,0,0,0,0,0,0,0,0,0,0,0,0,0,0,0,0,0,0,0,0,0,0,0,0,0,0,0,0,0,0,0,0,0,0,0,0,0,0,0,0,0,0,0,0,0,0,0,0,0,0,0,0,0,0,0,0,0,0,0,0,0,0,0,0,0,0,0,0,0,0,0,0,22,43,40,54,44,61,74,157,194,218,247,174,247,325,346,427,367,484,436,326,1158,656,783,726,531,711,536,560,752,788,736,522,854,509,582,962,879,1150,815,906,626,736,893,1730,1001,989,946,709,1046,1211,1111,1049,1053,786,688,751,1091,1083,982,836,958,1784,777,1208,893,1071,818,839,535,736,1286,1279,1027,763,549,848,807,876,912,712,491,431,500,561,732,416,692,396,331,377,560,260,319,408,350,297,404,330,440,338,335,327,477,305,359,505,538,380,291,272,492,465,586,463,557,642,418,733,756,648,707,835,925,554,860,627,664,940,1278,694,1128,648,761,892,1169,1019,909,870,710,572,579,801,775,922,755,585,541,776,715,818,519,503,520,414,580,670,624,579,567,377,440,577,601,630,497,458
MI,0,0,0,0,0,0,0,0,0,0,0,0,0,0,0,0,0,0,0,0,0,0,0,0,0,0,0,0,0,0,0,0,0,0,0,0,0,0,0,0,0,0,0,0,0,0,0,0,0,0,0,0,0,0,0,0,0,0,0,0,0,0,0,0,0,0,0,0,0,0,0,0,0,0,0,0,0,0,254,215,238,248,293,463,504,561,801,993,836,1012,1117,1719,1457,1953,1481,1493,1503,1749,1376,1158,1279,1210,645,997,1366,1058,1204,760,768,633,576,967,999,1325,1350,562,575,432,1052,1137,980,977,851,547,196,447,657,592,680,430,382,414,469,370,1191,497,425,638,773,435,659,501,403,452,314,202,223,504,406,607,263,513,135,199,304,206,284,224,121,129,108,171,218,125,180,189,74,125,204,225,211,255,146,179,221,323,353,389,314,252,236,373,262,543,460,398,343,295,456,610,446,612,653,390,384,584,891,645,660,678,483,489,573,523,699,594,437,1041,488,669,996,715,734,735,426,604,664,657,722,762,698,514,557,796,515,1121,748,1015,565,465,477,616,419,374,953,768,868,779,761,758,741,779,593,397
MN,0,0,0,0,0,0,0,0,0,0,0,0,0,0,0,0,0,0,0,0,0,0,0,0,0,0,0,0,0,0,0,0,0,0,0,0,0,0,0,0,0,0,0,0,0,0,0,0,0,0,0,0,0,0,0,0,0,0,0,0,0,0,0,0,0,0,0,0,0,0,0,0,0,0,38,51,67,23,18,16,24,22,44,51,58,63,75,47,38,98,93,57,83,63,39,61,112,103,102,103,95,74,58,148,156,156,171,182,121,126,277,262,309,525,519,339,386,680,605,682,648,622,335,340,825,649,642,819,713,282,230,824,663,733,795,796,343,311,973,857,766,981,790,400,359,411,796,682,576,457,169,143,583,486,522,405,411,164,137,482,459,407,345,311,153,150,403,413,428,389,340,220,197,486,593,514,487,529,280,244,596,592,639,572,424,103,280,760,701,785,746,754,285,352,748,813,795,805,673,302,310,827,729,741,849,794,344,320,824,798,792,790,700,448,296,805,743,667,702,588,254,155,118,2,4,690,730,690,739,564,345,557,690,825,734,717,714,409,529,1154,850,1017,932,675
MS,0,0,0,0,0,0,0,0,0,0,0,0,0,0,0,0,0,0,0,0,0,0,0,0,0,0,0,0,0,0,0,0,0,0,0,0,0,0,0,0,0,0,0,0,0,0,0,0,0,0,0,0,0,0,0,0,0,0,0,0,0,0,0,0,0,0,0,0,0,0,0,0,0,0,0,0,0,0,0,0,60,67,42,71,57,108,94,84,95,89,90,136,104,181,97,183,100,177,88,257,209,173,139,161,145,273,264,169,181,300,238,204,178,259,281,284,193,183,248,227,246,397,229,109,327,330,217,262,404,288,123,173,234,182,393,318,322,173,136,535,255,420,363,247,206,273,313,328,418,439,272,0,251,302,268,238,209,0,501,498,0,715,0,608,257,168,283,353,489,0,0,0,0,1646,611,526,1092,550,465,361,675,680,653,870,0,1904,226,357,957,74,1303,1031,797,868,393,862,1025,1230,1032,1017,792,1251,1635,1547,982,1610,1434,1207,653,1342,1505,1775,1168,1134,672,572,1074,1245,956,1036,1210,527,476,644,1081,612,944,825,381,277,794,1348,894,874,945,626,511,801,904,585,599,735,647,0
MO,0,0,0,0,0,0,0,0,0,0,0,0,0,0,0,0,0,0,0,0,0,0,0,0,0,0,0,0,0,0,0,0,0,0,0,0,0,0,0,0,0,0,0,0,0,0,0,0,0,0,0,0,0,0,0,0,0,0,0,0,0,0,0,0,0,0,0,0,0,0,0,0,0,0,0,0,0,0,0,0,0,33,77,72,101,146,168,168,65,128,296,254,253,279,178,76,355,315,290,212,260,225,136,228,298,209,216,172,234,150,140,134,196,184,304,201,171,174,132,122,137,273,319,232,368,162,186,239,148,177,178,74,88,136,175,139,219,114,156,135,152,108,218,194,236,179,124,201,181,122,167,185,180,248,192,290,196,189,111,181,179,274,203,195,225,173,206,228,208,283,293,389,413,140,434,291,553,493,347,314,468,508,376,356,547,385,221,420,773,575,795,662,472,310,447,936,888,708,868,958,846,530,1138,1301,1637,1652,1357,1218,1123,1773,1927,2084,1489,935,582,1047,1193,1241,1062,996,0,1548,1027,981,1595,1267,1473,1127,1078,1148,794,1258,1058,1231,1293,818,869,692,1426,1512,1418,1198,1465,1042
MT,0,0,0,0,0,0,0,0,0,0,0,0,0,0,0,0,0,0,0,0,0,0,0,0,0,0,0,0,0,0,0,0,0,0,0,0,0,0,0,0,0,0,0,0,0,0,0,0,0,0,0,0,0,0,0,0,0,0,0,0,0,0,0,0,0,0,0,0,0,0,0,0,0,0,0,0,0,0,0,0,0,0,0,0,0,35,23,25,17,14,23,18,16,22,21,13,18,13,19,15,12,10,7,5,5,11,7,4,7,0,4,2,3,2,1,3,1,2,0,2,0,2,0,1,0,0,0,2,0,0,1,2,1,0,4,2,0,2,1,7,1,0,0,0,0,0,2,4,8,12,10,4,4,2,14,0,1,5,3,5,7,3,10,15,13,8,5,16,25,11,32,19,17,9,23,37,26,23,11,56,48,49,67,45,39,45,37,78,44,95,127,84,81,85,109,144,135,135,105,62,88,91,101,97,129,221,82,39,94,201,138,151,116,112,40,81,115,173,155,132,63,65,87,164,139,134,118,91,42,54,110,116,144,160,53,60,135,161,144,134,188,89,81,0
NE,0,0,0,0,0,0,0,0,0,0,0,0,0,0,0,0,0,0,0,0,0,0,0,0,0,0,0,0,0,0,0,0,0,0,0,0,0,0,0,0,0,0,0,0,0,0,0,0,0,0,0,0,0,0,0,0,0,0,0,0,0,0,0,0,0,0,0,0,0,0,0,0,0,0,0,0,0,0,0,0,0,0,0,0,0,0,0,26,20,19,27,39,49,24,37,45,54,48,45,54,72,61,103,54,45,69,92,65,150,188,178,106,55,387,333,309,305,331,15,428,544,525,324,338,451,361,369,677,384,359,61,257,120,383,341,356,448,128,277,221,276,303,237,327,145,220,264,357,285,394,251,196,244,266,255,251,262,164,91,118,131,142,290,198,120,92,126,180,195,189,176,116,103,147,135,129,125,178,251,124,143,135,133,142,208,167,102,117,155,224,198,154,221,174,227,318,262,155,227,120,102,264,343,296,332,356,221,223,281,258,265,344,445,180,311,254,222,311,332,283,141,187,264,334,214,416,328,253,131,191,262,215,308,278,154,109,158,301,379,374,338,314,293,241
NV,0,0,0,0,0,0,0,0,0,0,0,0,0,0,0,0,0,0,0,0,0,0,0,0,0,0,0,0,0,0,0,0,0,0,0,0,0,0,0,0,0,0,0,0,0,0,0,0,0,0,0,0,0,0,0,0,0,0,0,0,0,0,0,0,0,0,0,0,0,0,0,0,0,0,0,0,0,23,8,15,30,36,88,43,99,115,86,117,258,117,166,179,56,228,94,117,134,231,138,128,116,136,135,117,123,110,203,102,102,102,107,144,127,190,141,63,88,115,93,100,229,84,112,68,103,69,103,118,144,70,54,159,83,105,115,95,148,49,140,120,89,146,295,74,109,118,116,95,142,145,98,95,142,101,159,176,194,189,137,244,134,235,277,270,227,106,379,184,234,410,445,274,330,462,595,887,381,479,821,734,562,645,632,985,857,843,491,876,516,603,1004,930,845,832,1104,849,1447,1380,1182,1288,948,815,1129,1262,966,931,1018,997,1105,870,1018,1264,986,1131,994,980,649,729,976,886,811,742,548,528,602,1099,859,697,392,942,389,556,849,636,532,409,403,253,554,632,609,447,320,0
NH,0,0,0,0,0,0,0,0,0,0,0,0,0,0,0,0,0,0,0,0,0,0,0,0,0,0,0,0,0,0,0,0,0,0,0,0,0,0,0,0,0,0,0,0,0,0,0,0,0,0,0,0,0,0,0,0,0,0,0,0,0,0,0,0,0,0,0,0,0,0,0,0,0,0,0,0,0,0,0,0,0,0,23,7,29,21,29,27,44,56,53,48,64,61,81,48,46,32,41,31,66,44,56,35,71,48,72,76,55,50,55,44,97,82,50,67,77,74,72,44,92,164,119,89,70,48,104,103,104,64,60,89,79,60,83,82,92,40,56,69,147,67,79,75,60,48,34,55,100,106,53,106,34,64,46,81,77,66,24,36,53,46,31,42,48,19,27,19,72,14,36,32,26,14,13,27,40,33,46,30,13,22,20,20,35,0,40,17,18,20,21,18,33,30,14,23,22,26,26,23,15,46,13,33,23,57,40,21,5,59,13,31,39,30,21,26,33,26,23,37,39,13,9,21,26,34,43,16,8,16,13,19,14,21,21,15,27,16,9,35,22,30,8,0
NJ,0,0,0,0,0,0,0,0,0,0,0,0,0,0,0,0,0,0,0,0,0,0,0,0,0,0,0,0,0,0,0,0,0,0,0,0,0,0,0,0,0,0,0,0,0,0,0,0,0,0,0,0,0,0,0,0,0,0,0,0,0,0,0,0,0,0,0,0,0,0,0,0,0,0,0,80,87,162,315,148,437,587,930,831,727,2474,1949,2299,2262,3250,2060,3559,3335,4305,4229,3381,3585,3326,3021,3590,3561,3563,3699,2734,4240,2206,4287,3150,2953,3881,3505,3581,3478,4124,2207,3327,3515,2150,2668,2408,2388,2538,2527,3027,1525,2324,1297,1745,1819,1631,1447,1413,798,817,1144,1201,1184,1245,1705,974,1386,1073,1247,385,1050,938,672,864,1187,1029,764,837,473,627,523,462,806,557,271,333,299,550,470,348,441,276,222,323,277,404,389,338,308,273,319,158,304,388,289,309,90,395,261,428,386,291,369,209,267,161,201,388,331,339,224,393,363,223,50,263,0,180,293,389,242,458,513,505,449,483,471,204,690,369,321,264,356,357,374,360,368,344,258,444,463,656,570,278,13,312,331,329,100,290,419,258,225,302,285,307,358,349,291,349
NM,0,0,0,0,0,0,0,0,0,0,0,0,0,0,0,0,0,0,0,0,0,0,0,0,0,0,0,0,0,0,0,0,0,0,0,0,0,0,0,0,0,0,0,0,0,0,0,0,0,0,0,0,0,0,0,0,0,0,0,0,0,0,0,0,0,0,0,0,0,0,0,0,0,0,0,0,0,0,0,0,0,0,0,17,12,24,55,17,29,44,34,48,40,92,48,81,62,108,71,124,102,83,71,100,62,77,113,114,87,47,126,101,138,169,142,139,66,97,151,239,198,102,219,118,181,107,153,202,180,105,85,206,143,152,139,159,185,91,158,66,155,155,153,170,148,83,104,122,112,129,131,65,111,224,116,213,319,128,140,122,43,145,117,159,95,102,122,88,132,88,107,170,135,129,144,152,202,216,211,190,173,165,129,244,256,287,193,251,220,290,234,298,224,255,263,223,327,297,318,280,235,244,302,311,335,312,313,254,460,289,345,252,212,196,220,114,210,226,207,192,150,200,129,199,173,171,173,142,106,92,79,170,202,144,207,94,73,66,197,188,122,136,105,0
NY,0,0,0,0,0,0,0,0,0,0,0,0,0,0,0,0,0,0,0,0,0,0,0,0,0,0,0,0,0,0,0,0,0,0,0,0,0,0,0,0,0,0,0,0,0,0,0,0,0,0,0,0,0,0,0,0,0,0,0,0,0,0,0,0,0,0,29,37,31,43,109,96,192,116,221,424,1008,1770,2950,3254,4812,5707,4790,5146,6447,7377,7683,7195,6984,9298,7917,8669,10482,10841,8327,8658,8147,10480,10621,10575,9946,8236,6337,7177,11571,8505,7358,7090,6054,4726,4178,5526,6244,8130,10553,5902,3951,3110,4585,4681,3942,4663,3438,2538,2239,2786,3491,2938,2715,2273,1660,1430,2176,2390,2762,2419,1889,1250,1474,1525,2088,1696,1772,1589,1249,1072,1129,1768,1551,1376,1110,941,1329,1045,1048,1075,1108,781,702,683,674,736,822,916,694,620,631,567,618,796,716,664,552,597,581,749,805,703,616,391,524,625,875,918,726,533,518,588,692,584,786,730,677,557,912,831,769,776,754,502,519,855,705,811,753,750,536,608,534,715,777,644,753,531,545,746,636,703,714,703,515,476,667,700,737,727,734,607,408,655,631,601,709,653,572,408,629,566,791,636,635,698,656,0
NC,0,0,0,0,0,0,0,0,0,0,0,0,0,0,0,0,0,0,0,0,0,0,0,0,0,0,0,0,0,0,0,0,0,0,0,0,0,0,0,0,0,0,0,0,0,0,0,0,0,0,0,0,0,0,0,0,0,0,0,0,0,0,0,0,0,0,0,0,0,0,0,0,0,0,0,0,0,0,0,40,47,71,42,101,106,132,127,172,232,140,191,86,273,236,309,181,287,351,205,225,257,404,208,296,208,99,342,394,281,353,271,187,269,388,444,571,207,312,426,380,561,414,586,155,184,408,502,639,471,492,404,281,301,470,691,616,859,530,511,677,422,738,758,1107,497,742,176,488,784,1076,1185,916,674,626,888,1189,1289,1370,921,938,676,1011,1310,1427,1768,1443,983,751,1002,1333,1652,1549,1412,804,848,1721,1009,1635,1719,1605,1342,1186,1843,1629,2099,1413,1329,1546,1346,1435,2039,1982,2462,1908,1827,1956,1782,2160,2051,2481,1820,1268,1815,2140,1892,2102,2097,1621,1625,1749,1763,2344,1954,1730,1341,1313,1629,1127,1979,1545,1954,1452,626,1051,1166,1763,1346,1536,1246,564,1263,1118,2007,2008,1729,1472,1283,1345,1244,2091,1415,2585,1051,1186
ND,0,0,0,0,0,0,0,0,0,0,0,0,0,0,0,0,0,0,0,0,0,0,0,0,0,0,0,0,0,0,0,0,0,0,0,0,0,0,0,0,0,0,0,0,0,0,0,0,0,0,0,0,0,0,0,0,0,0,0,0,0,0,0,0,0,0,0,0,0,0,0,0,0,0,0,0,0,0,0,0,0,0,0,0,0,0,0,0,10,10,22,20,14,13,21,18,12,14,18,9,15,15,23,10,23,28,46,90,56,42,18,33,32,38,56,64,75,49,42,34,40,46,38,34,41,56,49,53,40,26,26,52,74,67,51,88,51,31,60,81,95,70,49,54,40,43,17,40,40,34,23,47,22,33,26,40,71,44,19,22,40,38,36,42,22,22,23,39,29,32,25,37,25,7,41,32,28,37,35,46,38,39,43,63,57,36,33,51,73,99,84,88,91,103,54,72,103,122,116,113,107,82,160,125,122,122,140,112,154,89,74,168,133,58,125,148,124,120,150,181,88,117,172,85,201,151,122,143,60,0,0,0,0,0,0,526,0,0,337,0,0,218,114,0
OH,0,0,0,0,0,0,0,0,0,0,0,0,0,0,0,0,0,0,0,0,0,0,0,0,0,0,0,0,0,0,0,0,0,0,0,0,0,0,0,0,0,0,0,0,0,0,0,0,0,0,0,0,0,0,0,0,0,0,0,0,0,0,0,0,0,0,0,0,0,0,0,0,0,0,0,0,0,0,31,50,78,104,91,122,140,163,270,269,247,280,266,348,355,410,427,304,407,332,366,364,366,372,354,371,305,511,623,693,1115,1380,1317,806,392,577,475,418,376,362,444,534,724,716,592,579,560,495,607,555,885,681,384,696,473,471,636,597,520,449,531,498,484,731,627,614,503,566,529,433,476,651,468,479,471,366,442,490,476,353,365,361,325,413,429,420,424,300,428,434,412,700,609,531,546,729,590,632,892,987,817,854,737,743,1076,1301,1091,926,968,805,948,1277,1150,1525,1358,1378,1261,1142,1316,1290,1679,1542,1110,1236,1047,1527,1444,1560,1438,889,1104,1320,1396,1733,1533,928,944,932,1143,1199,1166,1204,1294,879,883,1095,1422,1178,1131,1117,613,775,861,958,1122,1043,1119,637,849,844,1089,1244,1296,1216,922,895
OK,0,0,0,0,0,0,0,0,0,0,0,0,0,0,0,0,0,0,0,0,0,0,0,0,0,0,0,0,0,0,0,0,0,0,0,0,0,0,0,0,0,0,0,0,0,0,0,0,0,0,0,0,0,0,0,0,0,0,0,0,0,0,0,0,0,0,0,0,0,0,0,0,0,0,0,0,0,0,0,0,0,0,0,25,58,84,74,55,52,52,84,154,160,109,171,93,75,145,52,160,110,74,102,99,115,79,94,108,105,29,81,127,87,123,104,72,60,27,130,63,145,130,103,121,72,83,74,129,94,66,99,24,119,120,110,124,151,73,88,91,43,148,169,111,77,53,47,92,41,68,80,88,67,119,113,102,96,56,91,55,158,117,146,222,225,158,186,228,259,450,352,331,478,218,295,482,438,395,299,302,228,585,355,427,526,580,283,434,858,673,603,596,687,456,510,993,1075,628,699,916,209,168,1714,918,737,314,965,1204,1401,1089,848,1117,747,1244,494,377,861,1101,837,854,825,486,397,765,670,705,794,901,544,369,615,597,746,1077,853,566,357,650,666,712,710,1093,667,0
OR,0,0,0,0,0,0,0,0,0,0,0,0,0,0,0,0,0,0,0,0,0,0,0,0,0,0,0,0,0,0,0,0,0,0,0,0,0,0,0,0,0,0,0,0,0,0,0,0,0,0,0,0,0,0,0,0,0,0,0,0,0,0,0,0,0,0,0,0,0,0,0,0,0,0,0,0,0,0,0,26,23,24,30,18,57,50,98,65,69,58,84,46,90,73,100,69,64,49,58,82,50,76,80,57,49,30,73,49,59,66,46,46,57,68,50,76,58,43,31,61,64,69,56,45,79,80,77,73,79,92,68,58,72,58,63,62,71,11,64,39,75,16,47,24,39,22,18,71,48,45,54,58,59,33,64,75,96,92,146,114,66,72,177,140,158,101,184,278,120,148,206,178,187,146,191,170,124,250,276,247,144,171,275,363,342,294,300,165,210,212,371,266,397,319,268,367,276,428,293,347,430,268,292,254,320,391,388,266,330,328,305,410,361,325,280,269,333,279,246,411,375,262,216,286,248,278,313,405,244,189,225,194,295,256,289,227,218,236,180,190,293,239,261,0
PA,0,0,0,0,0,0,0,0,0,0,0,0,0,0,0,0,0,0,0,0,0,0,0,0,0,0,0,0,0,0,0,0,0,0,0,0,0,0,0,0,0,0,0,0,0,0,0,0,0,0,0,0,0,0,0,0,0,0,0,0,0,0,0,0,0,0,0,0,0,0,0,0,0,0,0,0,0,37,52,83,103,108,165,207,276,560,531,533,643,693,756,962,1211,1404,1597,1493,1470,1579,1680,1989,1751,1676,1178,1366,1146,1145,1245,1706,1628,1215,948,1296,1156,1385,1583,1397,1116,885,1214,1102,1397,1208,1334,962,825,865,888,1070,1323,1078,1295,543,837,707,938,986,989,623,822,610,746,980,866,725,730,473,451,780,625,693,680,511,356,612,511,537,443,701,506,351,493,410,467,686,463,336,323,362,335,418,526,504,464,456,510,495,579,600,621,505,492,618,636,832,667,634,479,450,995,849,719,1009,813,725,328,929,994,781,1032,763,786,711,1027,631,962,1213,1054,800,839,1120,834,860,970,888,654,565,854,705,807,758,813,760,601,828,849,991,829,850,660,384,735,570,791,693,796,619,426,561,501,620,835,843,670,521
RI,0,0,0,0,0,0,0,0,0,0,0,0,0,0,0,0,0,0,0,0,0,0,0,0,0,0,0,0,0,0,0,0,0,0,0,0,0,0,0,0,0,0,0,0,0,0,0,0,0,0,0,0,0,0,0,0,0,0,0,0,0,0,0,0,0,0,0,0,0,0,0,0,0,0,0,0,0,0,0,0,0,0,23,18,8,33,38,36,55,114,80,78,91,54,95,116,160,147,221,277,288,334,316,311,275,278,309,339,314,215,384,410,341,415,443,430,310,269,218,321,374,341,327,188,175,281,272,325,249,210,285,176,164,221,181,203,215,240,121,156,405,215,165,216,113,0,145,143,141,141,184,109,63,121,107,106,116,0,0,201,49,65,106,85,0,0,146,71,49,56,68,0,0,122,74,73,34,21,0,0,103,49,40,88,50,0,0,0,163,50,39,69,0,0,175,101,52,71,82,0,0,111,82,76,86,76,0,0,291,210,75,150,72,0,0,224,144,91,130,127,0,0,196,119,76,111,95,0,0,237,120,103,76,151,0,0,280,70,82,135,94,0,0,266
SC,0,0,0,0,0,0,0,0,0,0,0,0,0,0,0,0,0,0,0,0,0,0,0,0,0,0,0,0,0,0,0,0,0,0,0,0,0,0,0,0,0,0,0,0,0,0,0,0,0,0,0,0,0,0,0,0,0,0,0,0,0,0,0,0,0,0,0,0,0,0,0,0,0,0,0,0,0,0,0,44,48,22,103,44,82,32,83,121,114,151,158,210,261,146,217,132,183,185,135,240,273,142,112,120,114,103,275,155,160,131,62,169,153,156,153,183,237,123,122,146,214,163,231,137,131,84,95,206,225,164,122,139,135,103,159,218,254,155,126,114,119,204,259,257,201,82,238,207,165,343,263,467,287,267,236,354,448,463,370,514,428,531,682,729,785,840,583,612,561,982,1075,1148,905,1005,906,1270,1120,1301,1587,1371,1325,1751,1512,1778,1826,1847,1457,1530,967,1556,1778,1725,2265,1947,1518,2217,1851,1809,1977,1539,2369,1448,1888,1660,1554,1983,1376,1182,1215,1649,1703,1694,1406,1553,1181,1147,1200,1233,1295,1422,1189,970,718,929,783,908,829,994,592,439,669,700,872,989,827,696,544,886,555,464,1293,1261,1036,636
SD,0,0,0,0,0,0,0,0,0,0,0,0,0,0,0,0,0,0,0,0,0,0,0,0,0,0,0,0,0,0,0,0,0,0,0,0,0,0,0,0,0,0,0,0,0,0,0,0,0,0,0,0,0,0,0,0,0,0,0,0,0,0,0,0,0,0,0,0,0,0,0,0,0,0,0,0,0,0,0,0,0,0,0,0,0,0,0,0,0,11,7,0,57,22,25,28,48,32,73,54,89,90,104,138,120,180,143,100,131,93,50,70,103,98,84,107,65,33,68,60,76,76,63,43,37,53,58,126,239,249,124,97,49,69,60,95,72,28,40,58,92,73,106,112,95,23,67,57,83,73,94,33,41,33,95,85,30,90,71,33,52,81,61,77,91,65,30,38,84,59,49,67,72,29,27,66,60,56,91,55,35,48,62,67,85,50,35,42,58,79,94,65,0,0,0,0,80,42,95,73,44,37,76,58,66,57,105,0,0,0,0,0,0,0,0,0,0,0,0,0,0,0,0,0,0,0,0,0,156,86,83,123,125,193,251,141,149,80,66,623,323,425,380,187
TN,0,0,0,0,0,0,0,0,0,0,0,0,0,0,0,0,0,0,0,0,0,0,0,0,0,0,0,0,0,0,0,0,0,0,0,0,0,0,0,0,0,0,0,0,0,0,0,0,0,0,0,0,0,0,0,0,0,0,0,0,0,0,0,0,0,0,0,0,0,0,0,0,0,0,0,0,0,0,56,74,143,134,110,52,117,173,246,170,164,297,405,444,162,222,254,312,169,336,224,272,228,252,194,302,213,256,183,327,173,308,168,156,448,424,460,463,478,251,134,314,369,1156,770,516,394,119,248,158,345,327,217,559,566,260,299,301,318,100,623,367,154,429,433,395,356,462,358,341,373,406,481,440,548,821,447,298,400,551,310,563,631,294,471,786,415,891,728,670,313,686,1188,429,656,451,750,932,799,1410,728,2125,0,1212,1806,1575,1822,1428,1291,724,1359,2472,0,1605,1955,1460,4268,1514,2273,2479,2279,2517,1779,1639,2240,2423,2570,2091,1718,3140,2553,2555,1778,2049,3088,2225,1443,1009,1805,1657,2252,2432,1803,2127,1202,1001,1478,2118,1947,1289,1961,1036,1034,2022,1375,1669,1239,1854,667,813,1936,1826,1636,1465,835,1818
TX,0,0,0,0,0,0,0,0,0,0,0,0,0,0,0,0,0,0,0,0,0,0,0,0,0,0,0,0,0,0,0,0,0,0,0,0,0,0,0,0,0,0,0,0,0,0,0,0,0,0,0,0,0,0,0,0,0,0,0,0,0,0,0,0,0,0,0,0,0,0,0,0,0,0,0,0,0,0,26,67,60,28,24,425,263,421,335,321,500,325,389,731,672,661,780,702,464,986,1091,877,1441,890,923,422,718,868,963,916,889,663,535,738,873,875,862,967,858,666,874,883,1033,1142,1293,1026,784,1037,1053,968,1219,1251,1009,1000,1179,1355,1448,1347,1801,785,909,1219,1411,945,1181,1060,839,623,589,1361,1855,1230,1332,1949,593,1688,1703,1649,1693,1940,1425,638,1637,2504,1826,2097,2331,1843,1254,4098,3129,3516,3454,4430,3866,3280,5489,5551,5996,5707,5747,5357,4283,6975,8076,7915,7555,8258,3449,5318,10028,9979,9782,9765,10351,8196,5655,10745,7307,10291,14916,10158,7300,7404,9305,9879,9507,8701,6020,5810,4267,8342,9042,8800,8839,9539,6226,5303,9167,8706,7598,7039,6959,4879,4455,9803,6200,6755,7018,8245,6204,7908,7282,7024,5303,5021,5559,4398,2847,6346,5407,5600,5031,3762,3824,2615
UT,0,0,0,0,0,0,0,0,0,0,0,0,0,0,0,0,0,0,0,0,0,0,0,0,0,0,0,0,0,0,0,0,0,0,0,0,0,0,0,0,0,0,0,0,0,0,0,0,0,0,0,0,0,0,0,0,0,0,0,0,0,0,0,0,0,0,0,0,0,0,0,0,0,0,0,0,0,0,0,26,21,82,32,68,40,87,123,115,100,114,82,81,203,155,170,73,66,85,150,125,121,99,59,47,122,136,131,135,132,148,88,138,161,156,180,182,108,95,147,177,156,156,187,133,129,157,127,195,185,148,116,73,183,128,164,154,172,149,137,198,161,194,182,139,131,94,84,236,333,277,268,207,202,281,310,454,554,279,280,196,311,372,336,399,343,302,317,418,488,603,642,412,452,364,487,598,645,556,490,563,524,526,619,622,681,412,530,587,749,630,871,622,645,587,479,449,707,757,736,796,411,448,568,515,864,664,381,438,421,354,502,517,497,479,341,361,417,574,452,380,375,265,353,325,343,553,352,333,239,259,366,455,479,373,299,248,394,403,383,387,456,446,247,0
VT,0,0,0,0,0,0,0,0,0,0,0,0,0,0,0,0,0,0,0,0,0,0,0,0,0,0,0,0,0,0,0,0,0,0,0,0,0,0,0,0,0,0,0,0,0,0,0,0,0,0,0,0,0,0,0,0,0,0,0,0,0,0,0,0,0,0,0,0,0,0,0,0,0,0,0,0,0,0,0,0,0,0,0,0,28,35,26,27,24,21,37,28,17,51,72,51,31,32,30,23,51,32,16,21,4,7,9,11,24,9,4,2,5,2,2,16,8,0,11,0,4,13,7,11,5,5,1,8,3,2,6,0,1,2,3,1,1,6,0,4,0,6,2,2,2,6,5,4,3,1,2,4,2,5,2,36,1,19,17,12,9,11,15,9,6,2,1,3,0,5,9,3,12,4,1,20,7,7,2,2,6,0,2,17,9,2,11,2,3,2,16,5,5,14,5,4,13,7,9,4,12,10,6,0,11,8,11,4,2,3,1,1,7,7,5,1,4,5,9,3,6,5,3,10,6,6,17,8,6,12,3,3,4,4,12,4,9,6,5,9,3,16,11,8
VA,0,0,0,0,0,0,0,0,0,0,0,0,0,0,0,0,0,0,0,0,0,0,0,0,0,0,0,0,0,0,0,0,0,0,0,0,0,0,0,0,0,0,0,0,0,0,0,0,0,0,0,0,0,0,0,0,0,0,0,0,0,0,0,0,0,0,0,0,0,0,0,0,0,0,0,0,0,0,0,20,38,67,35,36,101,69,144,135,151,130,230,234,222,306,395,230,241,455,312,397,467,568,197,473,424,329,389,602,562,484,453,461,501,675,542,733,586,548,758,534,852,929,870,894,767,717,0,1180,737,812,876,927,712,830,1038,824,940,668,690,948,708,1181,780,754,489,1439,1550,836,1117,1084,1052,970,748,822,645,906,661,842,1226,530,483,423,490,578,646,604,357,457,401,451,543,641,551,445,503,504,428,593,634,460,451,602,404,511,651,710,581,358,611,633,608,904,868,867,984,796,1059,901,946,904,1070,925,1012,953,802,1071,1227,913,1478,861,968,846,955,866,957,1278,1126,745,771,1897,1185,841,640,905,662,1054,1175,845,851,717,793,666,814,888,1091,844,655,912,758,1047,962,1177,891,820
WA,0,0,0,0,0,0,0,0,0,0,0,0,0,0,0,0,0,0,0,0,0,0,0,0,0,0,0,0,0,0,0,0,0,0,0,0,0,0,0,0,0,0,0,0,0,0,0,0,0,0,0,0,0,0,0,0,0,0,0,0,0,0,0,0,0,0,26,66,88,48,86,67,121,115,117,125,168,163,140,229,140,336,189,207,542,543,442,453,377,456,429,464,343,490,395,385,319,322,404,284,458,237,265,248,219,323,262,354,245,275,236,204,195,271,311,239,230,156,233,274,297,377,215,279,144,304,334,151,304,213,240,208,121,258,181,347,148,172,190,175,135,152,328,248,267,127,152,356,302,278,352,271,205,278,248,261,460,285,312,300,252,262,284,366,283,333,372,257,406,415,617,451,198,521,475,498,493,555,344,501,568,608,712,757,351,642,1058,434,523,646,639,603,865,1076,546,741,1261,750,964,934,795,836,658,729,850,1034,792,670,860,748,755,954,824,630,551,664,649,827,714,872,607,583,488,525,622,798,727,588,266,529,503,701,485,801,417,342,349,471,562,559,582,446,323,0
WV,0,0,0,0,0,0,0,0,0,0,0,0,0,0,0,0,0,0,0,0,0,0,0,0,0,0,0,0,0,0,0,0,0,0,0,0,0,0,0,0,0,0,0,0,0,0,0,0,0,0,0,0,0,0,0,0,0,0,0,0,0,0,0,0,0,0,0,0,0,0,0,0,0,0,0,0,0,0,0,0,0,0,0,0,0,0,0,17,11,21,17,29,26,20,45,42,21,67,50,61,51,17,20,22,61,24,21,36,50,65,18,21,34,18,29,15,28,24,18,14,16,26,33,7,15,32,10,39,23,25,25,6,5,33,30,13,10,35,0,18,36,48,23,101,42,15,23,70,39,45,20,31,15,24,30,21,21,18,7,23,18,9,24,21,26,30,33,10,26,42,35,65,43,9,41,18,50,69,52,35,53,35,74,74,24,64,121,94,105,48,137,126,191,128,52,55,147,128,114,199,70,100,81,44,339,103,164,66,109,117,149,107,205,155,118,116,73,106,115,154,129,130,60,117,131,141,119,185,104,69,95,66,183,84,120,87,40,82,145,121,159,140,144,138
WI,0,0,0,0,0,0,0,0,0,0,0,0,0,0,0,0,0,0,0,0,0,0,0,0,0,0,0,0,0,0,0,0,0,0,0,0,0,0,0,0,0,0,0,0,0,0,0,0,0,0,0,0,0,0,0,0,0,0,0,0,0,0,0,0,0,0,0,0,0,0,0,0,0,0,0,0,0,34,49,51,75,100,35,41,128,122,135,147,123,109,130,199,180,186,196,155,173,138,178,129,183,145,128,87,127,166,154,170,154,147,153,121,225,207,304,331,224,170,208,231,334,460,346,304,272,330,335,314,375,349,280,198,194,291,373,410,502,356,144,198,528,472,511,481,400,307,279,599,512,733,523,173,140,374,483,492,357,322,264,203,270,285,333,320,272,240,174,266,256,422,278,385,280,249,263,432,464,520,539,457,315,601,540,539,579,738,522,484,495,598,754,845,926,769,494,964,821,900,880,978,830,703,1117,712,1052,1018,953,957,590,762,870,1059,832,1062,922,404,728,884,839,989,1225,561,507,724,478,943,1021,829,685,455,634,663,740,826,950,453,392,638,768,878,843,819,537,266
WY,0,0,0,0,0,0,0,0,0,0,0,0,0,0,0,0,0,0,0,0,0,0,0,0,0,0,0,0,0,0,0,0,0,0,0,0,0,0,0,0,0,0,0,0,0,0,0,0,0,0,0,0,0,0,0,0,0,0,0,0,0,0,0,0,0,0,0,0,0,0,0,0,0,0,0,0,0,0,0,0,0,0,0,0,0,0,0,0,0,0,0,28,0,16,34,0,0,9,9,90,20,3,21,5,14,10,8,11,4,10,2,13,6,6,20,18,11,18,0,16,23,7,13,7,10,8,27,4,9,9,9,7,6,13,13,19,21,13,12,10,11,14,2,10,25,5,7,10,16,15,7,0,12,2,9,0,12,6,8,13,10,10,29,18,23,10,19,10,25,30,29,6,18,33,24,28,44,42,24,25,33,37,27,36,32,24,28,41,36,29,34,16,49,23,41,48,34,41,43,39,18,61,51,50,59,58,41,29,45,69,39,58,40,43,39,40,36,39,35,42,13,37,0,31,13,33,64,44,59,45,29,70,38,56,19,36,24,31,50,38,41,21,36,0
